{"Avesnes-sur-Helpe": 0.0025584983799786776, "Thann": 2.6815101882314515e-05, "Sarcelles": 0.0026509460755143955, "Cholet": 0.0009080732884761067, "Avallon": 0.0007554107695782436, "Altkirch": 0.0016775686554046584, "Montauban": 0.00891681445969218, "Saint-Malo": 0.012808324712630199, "Romorantin-Lanthenay": 0.00045952727532123065, "Sarreguemines": 0.002590876291426395, "Ancenis": 0.0006857843645014087, "Bar-sur-Aube": 0.0007787898697018475, "Montargis": 0.0028665758685897384, "Nantua": 0.0011476561689664122, "Dreux": 0.001168188907615111, "Cosne-Cours-sur-Loire": 0.00046430558417382323, "Lannion": 0.0009533574263111229, "Clamecy": 9.677074400935e-06, "Bayonne": 0.0034992817286867363, "Aix-en-Provence": 0.0115551796617628, "Gap": 0.0001234197487872285, "Saint-Jean-de-Maurienne": 0.0021481013844002793, "Nogent-sur-Marne": 0.002590311063042148, "Mirande": 0.0005836084027800127, "Evry": 9.998642199045693e-05, "Prades": 2.616421215323863e-05, "Provins": 0.0014231081033937024, "Roanne": 0.0008134774380189803, "Perpignan": 0.010042452324788108, "Mont-de-Marsan": 0.008739141082443145, "Caen": 0.011351072978094864, "Commercy": 0.002197537578933266, "Brioude": 0.00060813708575966, "Saint-Julien-en-Genevois": 0.002244736386748859, "Fontainebleau": 0.0027705107617148807, "Ussel": 1.6436715825696888e-05, "Chartres": 0.010640735477934876, "Limoux": 0.0010940539319318032, "Thonon-les-Bains": 0.0026662892189462605, "Haguenau": 0.003151546937698326, "Saint-Omer": 0.008706242645835667, "Cognac": 0.0017714620716309942, "Saint-Dizier": 0.004068137444897576, "Boulogne-Billancourt": 0.003451159062723424, "Saverne": 0.0017813586850484527, "Melun": 0.010791292839533657, "Draguignan": 0.0006939074899802211, "Condom": 0.0026649222998499445, "Rochefort": 5.1376016639409744e-05, "Oloron-Sainte-Marie": 0.0015941941791083412, "Pithiviers": 0.0025608240156593277, "Saint-Amand-Montrond": 0.0007208009268459823, "Niort": 0.008692277103817255, "Douai": 0.0036578034544633145, "Rouen": 0.011593065011617113, "Yssingeaux": 0.0005633104694998072, "Kassel": 0.004117555580952738, "Vervins": 0.001506162387714626, "Detmold": 0.009119940792416972, "Cambrai": 0.004460279914124375, "Vichy": 0.0014666520819116206, "Fontenay-le-Comte": 0.000473965124464415, "Laon": 0.010849652276406193, "Bourges": 0.00945587973561135, "Dieppe": 0.0012386176116486887, "Confolens": 0.0007273671919317817, "Calais": 0.0058420220120392, "Palaiseau": 0.0027887490387167725, "Saint-Flour": 1.775861341863069e-05, "Belfort": 0.009544299083573597, "Sens": 0.001390013177759868, "Narbonne": 0.002145632463464954, "Saint-Gaudens": 2.218097273056716e-05, "Les Sables-d'Olonne": 0.0005955341816453527, "Ajaccio": 0.008746265520528582, "Valenciennes": 0.0031990432619316733, "Pontoise": 0.010306236250221546, "Saint-Germain-en-Laye": 0.0031553259653160593, "Le Mans": 0.010725232802433348, "Vierzon": 0.0007620633562993327, "Bourg-en-Bresse": 0.009838007060173912, "Sedan": 0.000281862841572379, "Tulle": 0.008532272277789348, "Istres": 0.0047898879791554595, "Langon": 1.189770856628217e-05, "Angers": 0.010432823061369943, "Boulay-Moselle": 0.00247900767499618, "Beauvais": 0.009521374790236523, "Rodez": 0.010216172925200903, "Montbrison": 2.7826605395754077e-05, "Blaye": 0.0027696560267202867, "Dinan": 0.0011000188401129598, "Charolles": 0.003793362272495257, "Senlis": 0.0008633163107806717, "Mulhouse": 0.006193045605138976, "Beaune": 0.0017720226753204125, "Guingamp": 0.0009984461082395996, "Belley": 0.0023902057683798726, "Albertville": 0.0026018598727648623, "Pontarlier": 0.0011998265179248985, "Macon": 5.4415670161552425e-05, "Montreuil": 3.9498905173616224e-05, "Millau": 0.0009493366787161556, "La Roche-sur-Yon": 0.008676373970119396, "Coutances": 0.004259312530404241, "Mantes-la-Jolie": 0.0027176261398294595, "Les Andelys": 0.0011723846161998195, "Guebwiller": 0.0017004763155928546, "Agen": 0.008995616612746836, "Tours": 0.010780128989314677, "Nontron": 0.0010090268489014926, "Saint-Girons": 1.855216687040367e-05, "Grasse": 0.0006957719405809717, "Corte": 1.8694678966367007e-05, "Sarrebourg": 0.003633265984162202, "Nevers": 0.009141851666124442, "Thiers": 5.266987363659002e-05, "La Rochelle": 0.011660280984651182, "Rochechouart": 0.0005719849753955669, "Rethel": 0.0030816316321314033, "Le Raincy": 0.00021332990301700533, "Castellane": 0.0006200059508438022, "Saint Denis": 5.8416937780368074e-05, "Mauriac": 9.877432867882027e-06, "Limoges": 0.01045253752188966, "Troyes": 0.010158766479396963, "Argenteuil": 0.002751171398057321, "Mamers": 0.0005177871955577803, "Foix": 0.008778826260230535, "Langres": 0.004709542883533749, "Gex": 1.8671341428215613e-05, "Vesoul": 0.009007395400667518, "Auch": 0.008959678983621272, "Bonneville": 1.5904979045265617e-05, "Carcassonne": 0.010021577228916265, "Moulins": 2.9018437410542813e-05, "Florac": 3.604239534396968e-05, "Loches": 0.0008135711144955189, "Parthenay": 0.0006347413213595069, "Avranches": 0.004480111453424345, "Meaux": 0.00349050231848757, "Le Blanc": 0.0018151426084316307, "Molsheim": 0.001729705764299446, "Abbeville": 0.0018456239330720972, "Saumur": 0.001429507900671652, "Figeac": 0.0007642078297210472, "Pontivy": 0.001259406465315583, "Dijon": 0.011562766901655756, "Toul": 0.004505754096874628, "Avignon": 0.010845393701712853, "Blois": 0.009101729826131333, "Arnsberg": 0.0020066439970939385, "Nogent-sur-Seine": 0.0007052648809393536, "Valence": 0.00018077991699640104, "Sainte-Menehould": 0.0011606997714906705, "Marmande": 0.0007278929685848743, "Nanterre": 0.010347636535554516, "Brignoles": 0.0006399183578501264, "Thionville": 0.0028505632706109897, "Castelsarrasin": 0.0003631945214469186, "Lons-le-Saunier": 0.008960353756090778, "Lens": 0.00028028799665489104, "Gourdon": 1.8188808721789378e-05, "Calvi": 2.377101631995294e-05, "Rambouillet": 0.002861013281806957, "Vire": 0.00028677635846652467, "Le Vigan": 9.067404657209684e-06, "Aubusson": 1.702936884882478e-05, "Brest": 0.00027209367196564567, "Torcy": 1.1746770194742235e-05, "Morlaix": 0.0010443217582397685, "Issoudun": 0.0022490425001515583, "Montbard": 0.0011884557359696437, "Bethune": 2.5971728495267663e-05, "Redon, Ille-et-Vilaine": 0.007208272949100517, "Privas": 0.00856066711349348, "Vouziers": 0.002943053423337191, "Chinon": 0.0012442286364046367, "Toulon": 0.01096607232827744, "Autun": 0.004538063257345135, "Montdidier": 1.3974761782891376e-05, "La Tour-du-Pin": 0.000984524526204459, "Aurillac": 0.008488182973574577, "Villeneuve-sur-Lot": 0.0007557153106608648, "Villefranche-de-Rouergue": 0.0007766076471705809, "Chaumont": 4.658894644498428e-05, "Verdun": 0.002821134849698239, "Bar-le-Duc": 0.009556411476725476, "Ambert": 0.0018358104054854091, "Barcelonnette": 0.0006524580647617093, "Nogent-le-Rotrou": 0.0009384613934217989, "Lure": 4.435372875128078e-05, "Auxerre": 0.00923917689047596, "Forcalquier": 0.0006587493105277013, "Pamiers": 0.0005319717390747173, "Soissons": 0.0020025225806502246, "Forbach": 0.002590971069286612, "Saint-Brieuc": 0.009240037775871061, "Bernay": 2.251044770481171e-05, "Le Puy-en-Velay": 0.009197344718460858, "Castres": 0.0008091895119289415, "Arcachon": 0.0023772143915047066, "Mende": 5.873668247872225e-05, "Libourne": 0.002363032424585199, "Die": 0.00024353823824637688, "Colmar": 0.012284034605016649, "Bobigny": 0.010049892875379515, "Clermont-Ferrand": 0.011654247204846114, "Clermont": 7.36545581778591e-05, "Riom": 0.0019327624630773135, "Lorient": 0.0029372980283423385, "Saint-Nazaire": 0.001772335279458278, "Nancy": 0.0002671934026018048, "Vannes": 0.009934941332940588, "Laval": 8.433693169453141e-05, "Wissembourg": 0.0033984179745584794, "Brive-la-Gaillarde": 0.0007454182175237672, "Ales": 2.608404214245308e-05, "Digne-les-Bains": 0.0086582436990577, "Mortagne-au-Perche": 0.0010840948661380685, "Carpentras": 0.0006148978028737963, "Bressuire": 0.0006045776775388622, "Argentan": 0.0017765215817334558, "Bergerac": 4.308321775825211e-05, "Antony": 4.6525125930198824e-05,